[
    {
        "condition": "any_of",
        "terms": [
            {
                "offsetY": 1,
                "condition": "location_check",
                "predicate": {
                    "block": {
                        "tag": "logs"
                    }
                }
            },
            {
                "offsetX": -1,
                "offsetY": 1,
                "offsetZ": 1,
                "condition": "location_check",
                "predicate": {
                    "block": {
                        "tag": "logs"
                    }
                }
            },
            {
                "offsetX": -1,
                "offsetY": 1,
                "offsetZ": 0,
                "condition": "location_check",
                "predicate": {
                    "block": {
                        "tag": "logs"
                    }
                }
            },
            {
                "offsetX": -1,
                "offsetY": 1,
                "offsetZ": -1,
                "condition": "location_check",
                "predicate": {
                    "block": {
                        "tag": "logs"
                    }
                }
            },
            {
                "offsetX": 0,
                "offsetY": 1,
                "offsetZ": 1,
                "condition": "location_check",
                "predicate": {
                    "block": {
                        "tag": "logs"
                    }
                }
            },
            {
                "offsetX": 0,
                "offsetY": 1,
                "offsetZ": -1,
                "condition": "location_check",
                "predicate": {
                    "block": {
                        "tag": "logs"
                    }
                }
            },
            {
                "offsetX": 1,
                "offsetY": 1,
                "offsetZ": 1,
                "condition": "location_check",
                "predicate": {
                    "block": {
                        "tag": "logs"
                    }
                }
            },
            {
                "offsetX": 1,
                "offsetY": 1,
                "offsetZ": 0,
                "condition": "location_check",
                "predicate": {
                    "block": {
                        "tag": "logs"
                    }
                }
            },
            {
                "offsetX": 1,
                "offsetY": 1,
                "offsetZ": -1,
                "condition": "location_check",
                "predicate": {
                    "block": {
                        "tag": "logs"
                    }
                }
            }
        ]
    },
    {
        "condition": "entity_properties",
        "entity": "this",
        "predicate": {
            "nbt": "{Age:0s}"
        }
    }
]