{
	"miniprogramRoot": "./dist",
	"projectname": "{{ projectName }}",
	"description": "{{ description }}",
	"appid": "touristappid",
	"setting": {
		"urlCheck": true,
		"es6": false,
    	"enhance": false,
    	"compileHotReLoad": false,
		"postcss": false,
		"preloadBackgroundData": false,
		"minified": false,
		"newFeature": true,
		"autoAudits": false,
		"coverView": true,
		"showShadowRootInWxmlPanel": false,
		"scopeDataCheck": false,
		"useCompilerModule": false
	},
	"compileType": "miniprogram",
	"simulatorType": "wechat",
	"simulatorPluginLibVersion": {},
	"condition": {}
}
